{
  "kappa_min": 2.0,
  "kappa_max": 200.0,
  "epsilon": 0.01,
  "tau": 10.0,
  "n_reg": 50.0,
  "dist_bins": [
    0,
    1,
    2,
    3,
    4,
    6,
    8,
    12,
    20,
    9999
  ],
  "density_bins": [
    0,
    1,
    2,
    4,
    9999
  ],
  "density_radius": 6,
  "table": {
    "10,6,0,0": [
      200.01000000000084,
      0.01,
      0.01,
      0.01,
      0.01,
      0.01
    ],
    "10,5,0,0": [
      200.0100000000008,
      0.01,
      0.01,
      0.01,
      0.01,
      0.01
    ],
    "10,5,0,1": [
      200.0100000000008,
      0.01,
      0.01,
      0.01,
      0.01,
      0.01
    ],
    "10,4,0,1": [
      200.01000000000084,
      0.01,
      0.01,
      0.01,
      0.01,
      0.01
    ],
    "10,5,0,2": [
      200.01000000000033,
      0.01,
      0.01,
      0.01,
      0.01,
      0.01
    ],
    "10,4,0,2": [
      200.01000000000076,
      0.01,
      0.01,
      0.01,
      0.01,
      0.01
    ],
    "10,3,0,2": [
      200.01000000000076,
      0.01,
      0.01,
      0.01,
      0.01,
      0.01
    ],
    "10,3,0,1": [
      200.0100000000007,
      0.01,
      0.01,
      0.01,
      0.01,
      0.01
    ],
    "10,2,0,1": [
      200.01000000000047,
      0.01,
      0.01,
      0.01,
      0.01,
      0.01
    ],
    "10,2,0,2": [
      200.01000000000062,
      0.01,
      0.01,
      0.01,
      0.01,
      0.01
    ],
    "11,6,1,0": [
      24.278262907660487,
      1.7403515336194042,
      0.9905929462505786,
      0.20554059855089163,
      0.2186132684295172,
      0.01
    ],
    "4,5,1,0": [
      0.6383063208812049,
      1.4794460266336658,
      1.1466225794834966,
      0.17334530425301695,
      14.671078351360107,
      0.01
    ],
    "11,5,1,1": [
      14.468586183297472,
      1.612523223045833,
      1.2792654914125625,
      0.24320645730479448,
      0.34116962288997066,
      0.01
    ],
    "11,4,1,1": [
      10.431308730562721,
      1.5490787865004216,
      1.6770765949185005,
      0.23083912991235533,
      0.4654262087886515,
      0.01
    ],
    "11,4,1,2": [
      13.579302982653918,
      1.791162017009447,
      1.84961209888342,
      0.3269385061835031,
      0.7357290707146087,
      0.01
    ],
    "4,4,1,2": [
      1.314931731644292,
      1.3539920564753056,
      1.3287135142141988,
      0.27490038256766075,
      10.996904878925871,
      0.01
    ],
    "4,3,1,2": [
      1.4803607780065053,
      1.6927775776237537,
      1.7786352374762868,
      0.29224745746600606,
      10.671977398465652,
      0.01
    ],
    "11,2,1,2": [
      11.051520676235363,
      1.8112386725033272,
      2.323850496621194,
      0.3454454629081039,
      0.8123098016129698,
      0.01
    ],
    "11,5,1,0": [
      16.49191733403697,
      1.7227402431671093,
      1.2040926451753207,
      0.27881242925488336,
      0.36862062283670455,
      0.01
    ],
    "4,4,1,1": [
      0.96277400448904,
      1.5094089658802923,
      1.7522494960349564,
      0.22056981739571907,
      10.34599892067702,
      0.01
    ],
    "11,3,1,1": [
      9.720013548359175,
      1.7573536826016516,
      2.1278533189747684,
      0.2733010961913591,
      0.561954064143532,
      0.01
    ],
    "4,2,1,1": [
      1.314290475987348,
      1.7404892112316528,
      2.242986042449741,
      0.2955323180370274,
      6.848153172084943,
      0.01
    ],
    "11,1,1,2": [
      11.329656585787095,
      1.8860647243668083,
      2.3372205456281843,
      0.3380060769616322,
      0.9317243359570277,
      0.01
    ],
    "11,3,1,2": [
      15.011646222993003,
      2.143653683777592,
      2.3867965832504123,
      0.39761666611599,
      0.91539392757155,
      0.01
    ],
    "4,1,1,2": [
      1.4457431760195691,
      1.4743835430689762,
      1.9230064018226878,
      0.24418866562673153,
      7.108524691841954,
      0.01
    ],
    "4,2,1,2": [
      1.6677386758507489,
      1.6170598728767356,
      2.180897707008397,
      0.3086456428817529,
      9.169081812920679,
      0.01
    ],
    "4,5,1,1": [
      0.656144312277905,
      1.3603000258294002,
      1.072417116286086,
      0.18398962608359792,
      11.770130351077942,
      0.01
    ],
    "4,3,1,1": [
      1.0513763736402335,
      1.5381169635594962,
      1.9154033805743953,
      0.27291123759177854,
      8.188944006989708,
      0.01
    ],
    "11,2,1,1": [
      8.548611800182586,
      1.6654763447113634,
      2.3951987076642616,
      0.29118835722197584,
      0.6583607399549964,
      0.01
    ],
    "4,5,0,1": [
      0.7207799055894952,
      2.1239486790685147,
      0.01,
      0.24215387182868187,
      11.147490037247772,
      0.01
    ],
    "11,4,0,1": [
      17.803600708906636,
      4.807094486983614,
      0.01,
      0.4169518306849972,
      0.787337231575149,
      0.01
    ],
    "4,4,0,2": [
      1.3893703529617978,
      2.3128955975841277,
      0.01,
      0.28166496463184176,
      8.694944118539487,
      0.01
    ],
    "4,3,0,2": [
      1.5786014940686597,
      2.6688501635721305,
      0.01,
      0.30537039560700774,
      8.666499850226115,
      0.01
    ],
    "11,3,0,2": [
      16.82101423773743,
      4.880190731325615,
      0.01,
      0.5227393959501809,
      1.2933349959466345,
      0.01
    ],
    "4,2,0,2": [
      1.9560518861534586,
      3.5817825158771432,
      0.01,
      0.3514036982385572,
      9.051378227117768,
      0.01
    ],
    "11,1,0,2": [
      22.815108761584227,
      8.178098103208955,
      0.01,
      0.7338533279311097,
      2.0432837962319987,
      0.01
    ],
    "11,5,0,2": [
      18.999879415149334,
      3.3121310647728888,
      0.01,
      0.44571693063140244,
      0.7617476953492138,
      0.01
    ],
    "4,4,0,1": [
      1.0072903747990982,
      2.9508679051081796,
      0.01,
      0.24279339446696324,
      10.535817751766164,
      0.01
    ],
    "11,3,0,1": [
      19.23105776494397,
      6.911935907334436,
      0.01,
      0.5329327751547195,
      1.0327612320280477,
      0.01
    ],
    "4,2,0,1": [
      1.596117404892357,
      4.924883861263343,
      0.01,
      0.358574224838014,
      9.161792646285203,
      0.01
    ],
    "1,0,0,2": [
      11.217180974379234,
      8.975207336726854,
      0.01,
      0.7825074523679405,
      5.263069540748108,
      0.01
    ],
    "4,1,0,2": [
      2.408044101564969,
      4.258015590066478,
      0.01,
      0.3847811666099145,
      10.400198199130209,
      0.01
    ],
    "11,4,0,2": [
      15.686355752080889,
      3.8436273561590015,
      0.01,
      0.4572030877561855,
      1.043001175073045,
      0.01
    ],
    "11,2,0,1": [
      15.723001468180273,
      6.967770820779764,
      0.01,
      0.49151818596470037,
      1.0680981736323576,
      0.01
    ],
    "11,1,0,1": [
      12.95193250677739,
      6.089411342176413,
      0.01,
      0.45926852983019006,
      1.189654531579847,
      0.01
    ],
    "11,2,0,2": [
      17.80431066202424,
      6.178367826306702,
      0.01,
      0.592476996261063,
      1.5944475393351922,
      0.01
    ],
    "4,1,0,1": [
      1.8687455933993222,
      4.509611414141461,
      0.01,
      0.36064955128368464,
      8.718698711617353,
      0.01
    ],
    "1,0,0,1": [
      6.079525476555895,
      6.174014681184844,
      0.01,
      0.47637435742553647,
      2.8837422283586385,
      0.01
    ],
    "11,5,0,1": [
      19.966552644950866,
      3.588365287419702,
      0.01,
      0.38715470150855996,
      0.5758127508766191,
      0.01
    ],
    "11,5,0,0": [
      23.004078982699827,
      3.2209701385569494,
      0.01,
      0.3417344777094743,
      0.5046001408008111,
      0.01
    ],
    "4,3,0,1": [
      1.2993809108058199,
      4.019759952539911,
      0.01,
      0.3399299102281097,
      9.593002430847141,
      0.01
    ],
    "5,1,0,2": [
      0.01,
      0.01,
      0.01,
      0.01,
      0.01,
      200.00999999999993
    ],